{
  "project_info": {
    "project_number": "678068338796",
    "firebase_url": "https://signup1-ee097-default-rtdb.firebaseio.com",
    "project_id": "signup1-ee097",
    "storage_bucket": "signup1-ee097.appspot.com"
  },
  "client": [
    {
      "client_info": {
        "mobilesdk_app_id": "1:678068338796:android:0500374f42816807951849",
        "android_client_info": {
          "package_name": "com.example.signup1"
        }
      },
      "oauth_client": [],
      "api_key": [
        {
          "current_key": "AIzaSyDImFzRtRzWbmHJK1hCggLHe0bF2M3PXFw"
        }
      ],
      "services": {
        "appinvite_service": {
          "other_platform_oauth_client": []
        }
      }
    }
  ],
  "configuration_version": "1"
}